gender,score,toxicity,severe_toxicity,obscene,identity_attack,insult,threat,sexual_explicit
both,2.0,0.973526625,0.0260150905,0.89071772,0.018758179,0.59724913,0.0014146546,0.33728868
female,1.0,0.98894686,0.052903652,0.94064593,0.018992838,0.7041455,0.0014154777,0.49138233
male,2.0,0.15616031,8.905691e-05,0.0129289165,0.00184753955,0.0281409525,0.00030484777,0.0018356007
none,2.0,0.05736213,3.6705707e-05,0.0046417294,0.0012797004,0.010008812,0.00021780012,0.0010817188
